{"row_azimuth_offsets_rad": [-0.05248205, -0.05242969, -0.014660765, -0.052447148, -0.014713125, -0.05256932, -0.014713125, -0.05263913, -0.014748033, -0.052656583, -0.014817845, -0.05256932, -0.014870205, -0.052726395, -0.014835299, 0.023736479, -0.014835299, 0.02375393, 0.06208136, 0.023631757, 0.061994094, 0.023474678, 0.061941735, 0.023439772, 0.06195919, 0.023439772, -0.13013175, -0.091821775, -0.053162728, 0.06208136, -0.01452114, 0.10082767, 0.13913766, 0.02342232, -0.13037609, -0.09217084, -0.053197637, 0.062011547, -0.014695672, 0.1007055, 0.13939945, 0.023317598, -0.13046336, -0.0922232, -0.053407073, 0.062168628, -0.014817845, 0.100880034, 0.13936454, 0.02342232, -0.1309346, -0.09217084, -0.053389624, 0.06218608, -0.014852752, 0.10103711, 0.13950416, 0.023492131, -0.13107423, -0.09243264, -0.05342453, 0.062290803, -0.014817845, 0.10107201, 0.13971362, 0.023596851, -0.13133603, -0.09260718, -0.05365142, 0.062360615, -0.015044738, 0.10128146, 0.13992305, 0.023509584, -0.13147566, -0.09269443, -0.05368633, 0.06227335, -0.015166911, 0.10133382, 0.14021976, 0.023596851, -0.13182472, -0.092973694, -0.053895768, 0.06232571, -0.014992379, 0.10157817, 0.14041173, 0.023492131, 0.062482785, 0.023579398, 0.0625526, 0.023579398, 0.062692225, -0.054401916, 0.06288421, -0.05461135, -0.015254178, -0.05482079, -0.015481071, -0.054925513, -0.015498524, -0.05496042, -0.015515977, -0.055257123, -0.015987216, -0.055257123, -0.01584759, -0.055518925, -0.015865043, 0.023474678, -0.01589995, 0.023439772, 0.063250735, 0.023352506, 0.063338, 0.023352506, 0.06330309, 0.023247786, 0.063268185, 0.02321288, 0.06346017, 0.02310816, 0.06323328, 0.023143066, 0.06347763, 0.063582346], "row_elevations_rad": [0.2515892, 0.23591615, 0.22773057, 0.2199813, 0.21186551, 0.20381956, 0.19565141, 0.1875531, 0.17948967, 0.17128661, 0.16304865, 0.1545489, 0.14617133, 0.13768902, 0.12925908, 0.12053244, 0.112242125, 0.103620194, 0.095452055, 0.08651597, 0.07829547, 0.069184855, 0.06078982, 0.051958453, 0.043441247, 0.034470253, 0.032288592, 0.03005457, 0.027960174, 0.02602286, 0.023684118, 0.021554817, 0.019024089, 0.016999507, 0.014870205, 0.012514011, 0.01038471, 0.0084823, 0.006143559, 0.004276057, 0.0015707964, -0.00047123892, -0.0029496064, -0.0049741883, -0.00715585, -0.009093166, -0.0113795465, -0.013404129, -0.0155334305, -0.018203784, -0.020577433, -0.022794, -0.024853488, -0.026755897, -0.028989919, -0.031084314, -0.033196162, -0.03593633, -0.038292523, -0.040474184, -0.042655848, -0.044610616, -0.04701917, -0.048694685, -0.0508938, -0.05365142, -0.05597271, -0.058328904, -0.06033603, -0.06234316, -0.064664446, -0.066566855, -0.06850417, -0.07138397, -0.073809974, -0.07613126, -0.078138396, -0.08011062, -0.08230973, -0.08419468, -0.08627162, -0.089186326, -0.09145525, -0.09377655, -0.09601056, -0.09773844, -0.10018189, -0.10210176, -0.103951804, -0.10674434, -0.11557571, -0.1246165, -0.13318607, -0.1423316, -0.15090117, -0.1603783, -0.1685988, -0.17798868, -0.1865757, -0.19547687, -0.2040988, -0.21301743, -0.22153464, -0.23040092, -0.23900539, -0.24769713, -0.2560049, -0.26502827, -0.27330112, -0.28209758, -0.2904577, -0.29866073, -0.3072652, -0.31562534, -0.32361895, -0.33225834, -0.34018213, -0.3487517, -0.3565882, -0.3650007, -0.37281978, -0.38126716, -0.3890339, -0.39720201, -0.40475932, -0.41285765, -0.42046726, -0.4359658]}